residue_full,residue_type,chain_name,residue_number,pka_value
HIS+A0145_,HIS,A,145,0.0
HIS+A0307_,HIS,A,307,0.0
HIS+A0321_,HIS,A,321,0.0
HIS+A0110_,HIS,A,110,0.0
HIS+A0207_,HIS,A,207,0.0
ASP-A0288_,ASP,A,288,0.0
HIS+A0221_,HIS,A,221,0.0
GLU-A0239_,GLU,A,239,0.0
HIS+A0031_,HIS,A,31,0.0
HIS+A0096_,HIS,A,96,0.268
HIS+A0318_,HIS,A,318,0.308
ASP-A0131_,ASP,A,131,0.93
ASP-A0134_,ASP,A,134,1.666
HIS+A0129_,HIS,A,129,1.94
ASP-A0202_,ASP,A,202,2.01
ASP-A0012_,ASP,A,12,2.34
HIS+A0069_,HIS,A,69,2.384
ASP-A0168_,ASP,A,168,2.496
ASP-A0329_,ASP,A,329,2.961
GLU-A0201_,GLU,A,201,3.096
ASP-A0085_,ASP,A,85,3.274
ASP-A0056_,ASP,A,56,3.392
ASP-A0079_,ASP,A,79,3.553
GLU-A0334_,GLU,A,334,3.72
HIS+A0144_,HIS,A,144,3.919
ASP-A0117_,ASP,A,117,4.059
GLU-A0277_,GLU,A,277,4.477
GLU-A0008_,GLU,A,8,4.512
ASP-A0198_,ASP,A,198,4.529
GLU-A0179_,GLU,A,179,4.795
GLU-A0270_,GLU,A,270,4.83
GLU-A0061_,GLU,A,61,5.988
HIS+A0297_,HIS,A,297,6.919
HIS+A0193_,HIS,A,193,7.294
LYS+A0159_,LYS,A,159,8.306
LYS+A0231_,LYS,A,231,9.328
GLU-A0049_,GLU,A,49,9.698
LYS+A0279_,LYS,A,279,9.835
LYS+A0335_,LYS,A,335,9.934
LYS+A0232_,LYS,A,232,10.074
LYS+A0136_,LYS,A,136,10.315
LYS+A0126_,LYS,A,126,10.746
ARG+A0127_,ARG,A,127,12.194
ARG+A0113_,ARG,A,113,12.659
ARG+A0332_,ARG,A,332,12.66
ARG+A0300_,ARG,A,300,14.0
ARG+A0324_,ARG,A,324,14.0
ARG+A0019_,ARG,A,19,14.0
ARG+A0331_,ARG,A,331,14.0
ARG+A0175_,ARG,A,175,14.0
